Date;date;wsj;wsj_AR1_Innovation;chneg;chneg_AR1_innovation;PNGASEUUSDM;IR14270;POILBREUSDM;BEP;CSIQ;FSLR;IBDRY;SPWR;VWDRY;WORLD ESG LEADERS Standard (Large+Mid Cap) ;BLK;KO;MCD;NSRGY;SBUX;WMT;PNGASEUUSDM;IR14270;POILBREUSDM;BEP;CSIQ;FSLR;IBDRY;SPWR;VWDRY;WORLD ESG LEADERS Standard (Large+Mid Cap) ;BLK;KO;MCD;NSRGY;SBUX;WMT;mean_green;mean_brown;Differecnes_index;differences_means
200807;1;0,0076737;0,001328748;0,007067287;0,001681549;14,36;319,9;133,8991304;9,917399;28,77;285,029999;54,400002;51,584808;8,75;83,188;216,710007;25,75;59,790001;43,799999;7,345;58,619999;0;2,003056695;-7,044290505;1,626075065;5,187312183;-1,295990616;-5,444814763;9,286640761;2,083462818;-0,566992023;0,108081896;0,478034863;1,576312881;0,404640449;2,498779686;0,332116416;1,907114241;0,899661032;-1,466653055;1,007453209
200808;2;0,0038658;-0,00288533;0,003980706;-0,001712791;14,36;335;113,8504762;10,295763;32,419998;276,649994;47,990002;63,88343;9,18;82,109;217,25;26,035;62;44,209999;7,78;59,07;0;-4,821317852;-6,041660032;-5,453753492;-22,01107182;-16,56757079;-7,692470414;-13,83972906;-19,56868151;-5,299377095;-4,804017946;0,670388523;-0,210651843;-1,25573268;-1,969862413;0,598733497;-14,18887951;-1,161857144;-4,137519951;-13,02702237
200809;3;0,0043311;-0,000186936;0,00555842;0,002118755;14,36;299,8;99,06454545;9,080735;19,530001;188,910004;40,200001;46,450558;5,85;72,677;194,5;26,440001;61,700001;42,950001;7,435;59,889999;4,750807184;-0,217837515;-13,35327604;-6,950294047;-30,48269082;-11,87981981;-14,80119085;-25,90977128;-29,73338501;-9,169480516;-17,05226069;-7,924695037;-2,738164257;-4,806682285;-5,404624243;-3,064227553;-19,9595253;-6,831775678;-2,337704838;-13,12774962
200810;4;0,00444;-0,00035099;0,004506981;-8,47E-05;16,02;298,3;72,8426087;7,73781;9,68;143,699997;28,59;25,579569;2,95;58,844;131,339996;22,030001;57,93;38,450001;6,565;55,810001;0;-1,707410637;-13,61352081;-3,227676613;-24,08005657;-6,110301299;1,800209414;-5,102748343;0,584917235;-3,142119569;-1,902717579;2,685042246;0,610434244;-2,558834453;-16,74132672;0,054437492;-6,022609363;-2,975494128;-0,166625441;-3,047115235
200811;5;0,0062315;0,001376767;0,003731488;-9,25E-05;16,02;286,8;53,2415;7,183586;5,56;124,839996;29,799999;22,743942;2,99;54,737;125,709999;23,434999;58,75;36,25;4,465;55,880001;0;-2,062181633;-11,0794288;-1,37466573;6,515772641;4,339946165;8,208625126;2,749692356;11,20397767;1,256668427;2,822083465;-1,508444049;2,471267889;3,94825068;2,503967751;0,139669596;5,273891371;1,729465889;-0,472797462;3,544425482
200812;6;0,0063294;0,000424016;0,00442632;0,001168636;16,02;273,5;41,25304348;6,959766;6,46;137,960007;36;24,230516;3,87;56,344;134,149994;22,635;62,189999;39,700001;4,73;56,060001;0;3,035473231;3,503697171;-0,839406239;-7,303987529;1,497500883;-6,789279776;-4,237974999;-7,051506707;-4,157771441;-9,096175025;-2,517923014;-3,014282536;-6,160127885;-0,09191421;-7,544782861;-4,120775728;-4,737534255;0,579762814;0,616758527
200901;7;0,0053384;-0,000624353;0,003183737;-0,000581316;16,02;293,3;44,71909091;6,826539;5,46;142,800003;30,790001;21,977734;3,29;51,2;108,800003;21,360001;58,02;34,450001;4,72;47,119999;-4,419398063;2,320824638;-1,458217215;-2,728353763;-18,20981941;-13,04889187;-7,010839511;-8,037346061;-5,121852966;-4,869853728;-5,070869619;-1,943922475;-4,549142968;-2,517229607;-1,355090023;1,911278934;-9,02618393;-2,254162626;-2,615691102;-6,772021304
200902;8;0,0058888;0,000507162;0,003459547;0,000601833;14,47;309,4;43,2425;6,410871;3,59;105,739998;26,200001;18,26457;2,924;45,769;96,809998;20,424999;52,25;32,509998;4,575;49,240002;-10,09051132;3,801075127;3,469766326;1,699172459;22,16067354;9,863161519;2,963154221;-6,923663868;-0,268175832;3,12082699;12,81567263;3,17668398;1,8867659;1,367556878;8,429296487;2,451964473;4,91572034;5,021323391;-1,900496401;-0,105603051
200903;9;0,0063561;0,000651737;0,003503069;0,000443956;11,47;337,7;46,83909091;6,666667;5,98;132,699997;28,049999;15,573019;2,906;49,179;130,039993;21,975;54,57;33,549999;5,555;52,099998;-12,50649667;-0,962248694;3,68184786;2,46306671;3,9540116;14,96436604;4,87200753;6,122157288;17,21881369;4,71593376;5,18199844;-0,898572362;-1,030822539;-1,447779704;11,4454234;-1,440715295;8,265737143;1,968255323;2,747678437;6,29748182
200904;10;0,0078038;0,001825357;0,003410857;0,000319965;8,6;330,3;50,98318182;7,055689;6,55;187,289993;31,379999;17,930582;4,32;54,82;146,520004;21,525;53,290001;32,450001;7,23;50,400002;0;-1,620839838;5,556226276;3,828027576;30,53185442;0,690137672;3,737319334;2,541361379;5,20452144;3,702075045;3,686376554;5,763871842;4,41326825;5,07210607;-0,210749902;-0,572475528;7,75553697;3,025399548;0,676675497;4,730137422
200905;11;0,0080824;0,001255007;0,002967125;-5,64E-05;8,6;318,2;57,94142857;7,705835;13,23;190,289993;34,200001;19,011133;4,87;59,698;159,5;24,58;58,990002;36,470001;7,195;49,740002;0;2,052586666;7,344137687;-2,471755854;-3,805722436;-6,93651083;-3,543990994;-3,780214095;-0,901058217;-0,20636802;4,131841433;-1,046110618;-1,118608714;1,348300445;-1,53585482;-1,150167289;-3,573208738;0,104900073;-0,311268093;-3,678108811
200906;12;0,0060466;-0,000944189;0,002594756;-0,000104787;8,6;333,6;68,61681818;7,27951;12,12;162,199997;31,52;17,426327;4,77;59,415;175,419998;23,995001;57,490002;37,619999;6,945;48,439999;-10,2628677;0,646091181;-2,411896645;7,029484836;7,906178669;-2,143167745;3,632789561;8,281097779;-0,549747191;3,898384663;3,590704321;1,642726562;-1,875610881;3,82116764;10,52710206;1,272232801;4,026105985;3,163053751;0,735330912;0,863052234
200907;13;0,0066897;0,000892762;0,002898685;0,000471047;6,79;338,6;64,91;8,558487;14,54;154,389999;34,27;21,087099;4,71;64,995;190,539993;24,92;55,060001;41,080002;8,85;49,880001;-4,088129919;-0,594048696;4,805492156;0,457296903;0,5933077;-10,37570182;3,34049572;-10,38779047;0,731460629;1,588947478;2,010912763;-0,942527806;0,920911251;0,389408929;3,055169838;0,853527558;-2,60682189;1,047900422;0,541047056;-3,654722312
200908;14;0,0073662;0,001192124;0,002428911;-0,000220657;6,18;334;72,5047619;8,649081;14,74;121,580002;37,009998;16,601179;4,79;67,417;199,570007;24,385;56,240002;41,450001;9,495;50,869999;0;0,683739283;-2,985951493;0,769152133;6,753563837;9,94317119;2,43017486;7,154795123;0,665805285;1,74872569;3,600408155;4,182153011;0,636254509;1,280159927;3,639509126;-1,546869699;4,619443738;1,965269172;-0,216543482;2,654174566
200909;15;0,0083693;0,001798536;0,003685611;0,001379073;6,18;339,3;67,68727273;8,803624;17,219999;152,860001;39,139999;19,574329;4,864;70,187;216,820007;26,85;57,07;42,689999;10,325;49,09;1,857123955;2,244915656;3,396900534;1,064692095;-7,227559792;-9,818328429;-3,583601587;-8,089918852;-1,305156763;-0,837796726;-0,066150364;-0,316558688;1,156385624;3,731356143;-3,66238479;0,518855507;-4,826645555;0,226917239;-1,064713965;-5,053562794
200910;16;0,0087935;0,001634547;0,004304579;0,001080395;6,45;357,3;73,19409091;9,022116;14,58;121,93;36,040001;16,247543;4,72;68,846;216,490005;26,655001;58,610001;46,52;9,49;49,68;0;1,9838586;2,222146176;2,878160183;17,90597907;-1,016234551;2,334151963;-7,928624827;-0,369614556;1,605665417;2,074103891;3,058732997;3,308880106;0,832182527;6,214790675;4,061315979;2,300636214;3,258334363;-1,652668946;-0,957698149
200911;17;0,0105419;0,003134112;0,004703694;0,001027536;6,45;374;77,03666667;9,640288;22,02;119,110001;38,029999;13,536346;4,68;71,439;227,080002;28,6;63,25;47,419998;10,95;54,549999;0;3,586831687;-1,337688105;0,501250175;11,68766618;5,567041681;-0,20604531;5,904121125;-6,17198195;0,824373467;0,968332041;-0,152117312;-0,559764241;0,843492913;2,241518812;-0,884702929;2,880341984;0,409459881;0,414913586;2,470882103
200912;18;0,019358;0,010924946;0,007033518;0,003065925;6,45;406,2;74,7;9,752198;28,82;135,399994;37,849998;15,507531;4,06;72,808;232,199997;28,5;62,439999;48,349998;11,53;53,450001;7,068206126;0,742039378;0,984313035;-0,309616649;-13,47945;-7,738872374;-5,043594713;-6,496445949;-6,420989183;-1,931410268;-3,581387036;-2,147511315;-0,00695525;-0,761144832;-2,460207271;-0,016254349;-6,581494811;-1,495576676;-0,435833592;-5,085918135
201001;19;0,0074153;-0,006187569;0,002569338;-0,003099502;7,59;413,2;76,41238095;9,68292;21,129999;113,300003;33,700001;13,35298;3,502;69,641;213,820007;27,125;62,43;47,509998;10,895;53,43;0;-0,667262299;-1,21047823;2,281385739;-4,341156584;-2,994954532;-1,910019479;-3,641597727;-2,580220187;0,41335683;0,999898419;-1,242432446;0,976755306;1,992078626;2,176785894;0,517119539;-2,197760462;0,903367556;-0,490010726;-3,101128018
201002;20;0,0162623;0,009662695;0,002396469;-0,000012609;7,59;406,9;74,312;10,205169;19,120001;105,75;32,25;12,278978;3,3;70,307;218,800003;26,360001;63,849998;49,740002;11,455;54,07;0;-0,655997699;2,807610989;3,693728509;10,44756599;6,438718358;2,102892839;0,046301552;3,923380176;2,520433891;-0,206922573;1,838727143;1,909515614;1,256417106;2,504468714;1,211840638;4,442097904;1,419007774;1,101426117;3,02309013
201003;21;0,0091278;-0,002659764;0,002046088;-0,00023676;7,59;400,8;79,27478261;11,111111;24,32;122,650002;33,849998;12,292076;3,612;74,508;217,759995;27,5;66,720001;51,200001;12,135;55,599998;4,144469959;0,655997699;2,991909121;-1,096869505;-14,89227792;6,963459754;-3,207609618;-5,335618047;4,863362347;0,118164355;-7,316027488;-1,241497995;2,448711315;-1,996109257;2,956937041;-1,558601488;-2,117592165;-1,117764645;1,235929;-0,99982752
201004;22;0,0091294;0,00152566;0,002213435;0,000186436;8,35;406,9;84,92863636;10,833999;17,26;143,979996;31,440001;10,870989;4,04;74,711;184;26,725;70,589996;48,900002;12,99;53,639999;-2,571174312;1,458804129;-4,680887855;-4,473800733;-12,4771023;-10,76904228;-7,423667724;-9,854825675;-10,42274722;-4,754316171;-3,981884954;-1,698457365;-2,35118146;-3,474733177;-0,15070963;-2,568168722;-9,236864322;-2,370855885;-2,383460286;-6,866008437
201005;23;0,0062402;-0,001364582;0,002225981;7,68E-05;7,87;420,8;76,25095238;9,773515;12,95;112,360001;26,5;8,664047;3,178;66,964;167,880005;25,700001;66,870003;45,139999;12,945;50,560001;1,036030945;1,977157915;-0,812204457;1,145096936;-12,19309136;0,564500909;-7,241660035;-3,877446923;-6,093021863;-1,458820068;-6,844984031;-1,09520909;-0,654365946;2,884577202;-2,752577684;-2,193295174;-4,615937056;-1,775975787;0,317155719;-2,839961269
201006;24;0,0065225;0,000612065;0,002075309;-8,30E-05;8,06;440,4;74,83818182;10,034639;9,78;113,830002;22,43;7,924034;2,762;64,752;143,399994;25,059999;65,870003;48,240002;12,15;48,07;2,206081045;0,878575778;-0,059654755;3,414071716;9,244651553;4,221391178;9,710357653;1,168575736;7,092686268;3,463826626;4,070386362;4,121936603;2,473200067;0,987982227;0,972011947;2,731099894;5,808622351;2,559436183;0,904390443;3,249186168
201007;25;0,0094903;0,003414251;0,001652995;-0,000395341;8,48;449,4;74,73545455;10,855316;12,1;125,449997;28,049999;8,140144;3,252;70,128;157,490005;27,555;69,730003;49,349998;12,425;51,189999;0,458496967;-1,324619907;1,123007571;-2,841265624;-1,274750371;0,82300703;0;-6,144966552;-12,05098334;-1,936314697;-4,51176091;0,602600196;2,02599721;1,894152179;-3,397636872;-0,900080011;-3,581493143;-0,714454701;-1,221859996;-2,867038442
201008;26;0,0089576;0,001141265;0,00202681;0,000286849;8,57;435,9;76,69318182;10,167866;11,75;127,849998;28,049999;7,066143;2,464;67,07;141,949997;27,940001;73,059998;51,549999;11,49;50,139999;-0,407313168;0,994798969;0,614925131;2,798604643;14,21497112;6,16494323;3,863930041;12,53410143;0,490733449;3,746629806;7,89517329;2,004790447;0,853491907;1,555651299;4,604088012;2,83317838;6,677880652;3,291062223;0,455567583;3,386818429
201009;27;0,0053216;-0,002182406;0,001572503;-0,000440419;8,49;446;77,78681818;10,844658;16,299999;147,350006;30,66;9,430255;2,492;73,113;170,25;29,26;74,510002;53,43;12,775;53,52;0,760605223;1,783781377;2,774330979;1,365485915;-6,699117165;-2,947932263;4,170162665;-2,482358102;-7,226558269;1,568033067;0,188360443;2,029782873;1,859750715;1,139144189;4,836729863;0,524271479;-2,303386203;1,763006594;-0,194973527;-4,066392797
201010;28;0,0064847;0,001112936;0,002023586;0,0003424;8,64;464,7;82,91809524;11,191047;13,97;137,679993;33,75;8,906352;2,11;75,801;170,990005;30,66;77,769997;54,849998;14,28;54,169998;0,350441253;2,169189558;1,41794498;-0,877392668;-3,058542188;-4,949568149;-10,01389993;-6,721294283;-4,64441223;-1,147736223;-2,078312061;1,290871696;0,29496965;-0,095116793;2,996322338;-0,064183811;-5,044184908;0,390758503;-1,538494726;-5,434943411
201011;29;0,0048304;-0,001223398;0,001506614;-0,000503953;8,71;488,5;85,67;10,967226;13,02;122,849998;26,799999;7,629339;1,896;73,824;163;31,584999;78,300003;54,73;15,3;54,09;0,09960887;0,932300181;2,999745877;0,524390933;-2,153967786;2,503564531;5,829570103;4,190072671;4,562003385;2,88684215;6,788972277;1,75169523;-0,862680132;3,129957203;2,11893261;-0,128656115;2,575938973;2,133036846;0,753805304;0,442902127
201012;30;0,006781;0,001697231;0,001358788;-0,000274285;8,73;499,1;91,79652174;11,100453;12,39;130,139999;30,65;8,402096;2,106;78,898;190,580002;32,884998;76,760002;58,82;16,065001;53,93;2,230126768;0,699167501;2,077643799;0,621022314;5,367670725;7,474250952;5,012798897;2,017260665;3,977743763;0,731410065;1,663173778;-1,972254724;-1,784431931;-3,536549892;-0,818678184;1,690013581;4,078457886;-0,793121229;1,524531294;4,871579115
201101;31;0,0058505;-0,000377105;0,001677063;0,000151933;9,19;507,2;96,2947619;11,260325;14,02;154,580002;34,400002;8,801572;2,308;80,238;198,020004;31,424999;73,669998;54,220001;15,765;56,07;-0,236931565;-1,171611765;3,324271909;2,340535887;1,551760067;-2,068529267;0,464622286;10,3834241;-0,150796847;1,195802625;1,289982366;0,733148452;1,169046533;1,88103361;1,952668056;-3,289428093;2,086836038;0,622741821;0,573060804;1,464094217
201102;32;0,0048092;-0,000872715;0,001463122;-0,000294413;9,14;493,7;103,955;11,883826;14,53;147,389999;34,77;11,178782;2,3;82,478;203,990005;31,959999;75,68;56,619999;16,49;51,98;-0,095135741;0,715406846;4,173741611;3,100067027;-10,99565147;3,792603772;-0,112560188;0,177727637;10,36550154;-0,508460529;-0,639123583;1,613868828;0,234643788;0,65469021;4,936379142;0,058445034;1,05461472;1,14315057;-1,651611099;-0,08853585
201103;33;0,0054172;0,000345934;0,001562306;-3,90E-05;9,12;501,9;114,4413043;12,763123;11,28;160,839996;34,68;11,224623;2,92;81,518;201,009995;33,169998;76,089996;57,48;18,475;52,049999;4,130609469;1,496835621;3,185329665;0,737177036;-1,888534416;-6,160195335;2,88263379;10,22487455;-9,10011534;1,781783513;-1,109454463;0,727089586;1,248965161;3,427363221;-0,89058722;2,378401;-0,550693286;0,963629548;0,818153965;-1,514322834
201104;34;0,0057512;0,000323354;0,001676263;2,52E-06;10,03;519,5;123,1504762;12,981615;10,8;139,570007;37,060001;14,204322;2,368;84,932;195,940002;33,73;78,309998;62,200001;18,1;54,98;-0,043321149;1,608377994;-3,178925278;-0,82794093;-3,998752499;-5,049570287;-1,867707365;-1,280116413;-7,248398086;-1,023401875;2,081549664;-0,42048781;1,755349957;1,462317323;0,70212173;0,189167466;-3,378747597;0,961669722;-1,985071597;-4,340417319
201105;35;0,0048657;-0,000758041;0,00170356;-5,34E-05;10,02;539,1;114,4581818;12,736477;9,85;124,25;35,5;13,791749;2,004;82,954;205,559998;33,404999;81,540001;64,330002;18,395;55,220001;-0,086772153;0,829836493;-0,266593579;0,090763894;6,726160986;2,716496927;0,292621942;-3,722653186;-10,54451755;-0,787693272;-3,006736398;0,310906955;1,455988543;-1,336818752;3,07573679;-1,667486827;-0,740187831;-0,194734948;-0,592958324;-0,545452883
201106;36;0,0064649;0,001360468;0,001926064;0,000149181;10;549,5;113,7577273;12,763123;11,5;132,270004;35,740002;12,658808;1,572;81,463;191,809998;33,645;84,32;62,380001;19,745001;53,139999;4,921802267;0,534136318;1,019943043;0,486862462;-11,7698247;-4,873366607;-4,274363787;0,668845732;-2,972648612;-0,86691628;-3,133033512;0,462225932;1,098509814;0,943481172;0,654890052;-0,352853393;-3,789082585;-0,054463323;-0,812452957;-3,734619262
201107;37;0,0054202;-0,000621987;0,001738366;-0,000200991;11,2;556,3;116,4609524;12,907008;8,77;118,230003;32,389999;12,855272;1,468;79,853;178,460007;34,005001;86,480003;63,75;20,045;52,709999;-0,350396373;1,367848693;-2,446677071;-0,396291257;-11,43396968;-7,281455516;-4,000042892;-14,37011827;-2,371125533;-3,168252394;-3,471548242;1,530818517;1,930079245;-1,152846686;-1,62238093;0,393697418;-6,642167191;-0,39869678;-2,769555614;-6,243470411
201108;38;0,0057138;0,000284152;0,001329746;-0,000472552;11,11;574,1;110,0813043;12,789768;6,74;99,980003;29,540001;9,233792;1,39;74,235;164,75;35,224998;90,410004;62,080002;19,309999;53,189999;0;4,773495621;0,923360446;1,195791802;-26,28120779;-19,9127362;-4,406191562;-24,12705927;-11,03960394;-3,625160015;-4,653437931;-1,819134474;-1,262305569;-5,180013915;-1,521986359;-1,066260757;-14,09516783;-2,583856501;-1,041303514;-11,51131133
201109;39;0,005653;5,12E-05;0,001540303;3,64E-05;11,11;640,8;112,4468182;13,146816;3,68;63,209999;26,690001;5,29797;1,078;68,29;148,009995;33,779999;87,82;55,099998;18,645;51,900002;3,74300842;-0,013556875;-1,165583147;4,873991643;-2,80287236;-10,38181427;3,559989015;9,291918634;-0,895484265;4,227634281;2,778841295;0,485822964;2,418846595;2,047558644;5,536356807;3,856885525;0,6076214;2,854051972;1,373582309;-2,246430572
201110;40;0,0060663;0,000500185;0,001606388;-5,13E-05;12,11;640,6;109,4690476;14,708233;3,45;49,77;28,969999;6,561886;1,056;75,272;157,789993;34,16;92,849998;57,759998;21,18;56,720001;-0,323967548;-2,332670145;0,408701639;-4,210132481;-7,392610609;-1,699493739;-3,772042587;-10,766093;-7,427391155;-1,05352382;3,754995931;-0,698472059;1,231240142;-1,243211957;1,133358398;1,63790797;-5,877960595;0,969303071;-2,022826891;-6,847263666
201111;41;0,005512;-0,000296468;0,00148742;-0,000218509;12,02;607,1;110,5040909;13,349321;2,91;47,860001;26,559999;5,121153;0,89;73,468;172,039993;33,615002;95,519997;56,130001;21,74;58,900002;0,323967548;1,766294894;-1,007525468;2,737808123;-3,901135235;-15,15702911;-4,221101177;-9,87187648;-10,18173475;-0,311459631;1,537576947;1,734874923;2,133652076;1,205601683;2,456267897;0,629526474;-6,765844772;1,61625;-1,927709631;-8,382094772
201112;42;0,0066478;0,001164367;0,001696804;7,77E-05;12,11;632,3;107,97;14,217959;2,66;33,759998;24,1;4,079895;0,704;72,943;178,240005;34,985001;100,330002;57,709999;23,004999;59,759998;0,781893345;-2,284431988;1,199497872;-0,888024871;15,71817263;9,773255614;-0,873713091;4,120253804;2,283124614;1,883454312;0,906620231;-1,541514947;-0,557632788;-0,135670031;1,766457687;1,147478375;5,022178117;0,264289755;1,619164557;4,757888362
201201;43;0,0059013;-0,000248167;0,001003917;-0,000768033;12,33;599,9;110,9936364;13,930189;3,82;42,279999;23,620001;4,48592;0,742;76,176;182;33,764999;99,050003;57,529999;23,959999;61,360001;-0,389187069;0,295807668;3,280470896;1,965176319;-1,977049846;-11,69324595;0,055123341;4,110443942;-3,789499257;1,86418226;3,878168842;1,473184444;0,100727109;2,749526196;0,57619047;-1,644485668;-1,888175242;1,188885232;0,675297028;-3,077060474
201202;44;0,0046104;-0,001101375;0,001066531;-0,00019947;12,22;604;119,702381;14,575007;3,65;32,299999;23,65;4,931238;0,68;79,517;199;34,93;99,279999;61,290001;24,280001;59,080002;1,018610379;2,050396757;1,855921062;-2,618012159;-5,986574447;-11,0394796;-1,723170935;-7,197432688;0,3815203;0,412573756;1,268886927;2,506183464;-0,519276559;1,195092102;6,105541366;1,53109279;-4,697191588;2,014586682;-1,602012926;-6,71177827
201203;45;0,0059314;0,000976654;0,001026816;-0,000284907;12,51;633,2;124,9286364;13,722355;3,18;25,049999;22,73;4,178127;0,686;80,276;204,899994;37,005001;98,099998;63;27,945;61,200001;0,207796799;-1,756590278;-1,534727453;2,855548318;3,539197509;-13,39898899;-8,452567144;-5,585785211;-6,991126859;-0,526872637;-2,919177223;1,334794575;-0,288716844;-1,301512217;1,135072513;-1,656240651;-4,672287063;-0,615963308;0,089090671;-4,056323755
201204;46;0,005473;-0,000256396;0,00107995;-0,000202773;12,57;608,1;120,5909524;14,654943;3,45;18,4;18,709999;3,67387;0,584;79,308;191,580002;38,16;97,449997;61,139999;28,684999;58,91;0;-0,611337924;-3,786701505;-1,51046355;-7,095147472;-16,58281836;-8,823472723;-4,912509929;-16,87176612;-4,196640626;-4,986229948;-0,914335619;-3,773590139;-3,159497354;-1,919160396;4,816885522;-9,299363026;-1,655987989;-2,540652637;-7,643375037
201205;47;0,0041822;-0,001278294;0,000987891;-0,00033363;12,57;599,6;110,5217391;14,15401;2,93;12,56;15,27;3,280943;0,396;72,003;170,800003;37,365002;89,339996;56,849998;27,445;65,82;-0,034563828;-1,668581102;-6,303957545;2,308503364;8,943488041;7,883533246;7,78995103;-1,859654971;-4,381215928;1,855527651;-0,249901953;1,965621874;-0,395546938;2,153477906;-1,260309004;2,499950671;3,44743413;0,785548759;1,069978892;2,661885371
201206;48;0,0050559;0,000352238;0,001081565;-0,000172734;12,56;577;95,58904762;14,926725;3,6;15,06;18,27;3,143418;0,358;75,146;169,820007;39,095001;88,529999;59,740002;26,66;69,720001;-4,284737734;0,300031923;3,302282039;2,368506122;-12,97912394;1,36260426;-10,39796613;-8,79551196;-6,533231014;0,458188105;0,112376186;1,426015804;0,405270565;1,352694197;-7,098374174;2,839063432;-5,829120444;-0,160492332;0,618680437;-5,668628112
201207;49;0,0055084;0,000292442;0,001167489;-0,000155211;11,38;581;103,1409091;15,763389;2,67;15,54;14,38;2,567125;0,308;75,943;170,259995;40,400002;89,360001;61,630001;22,639999;74,43;0,076258928;-0,149756866;4,095225328;-0,191287304;1,909294191;10,93617797;4,172202882;5,799192583;17,60912591;0,991091151;1,531208629;-3,350976119;0,063133341;0,476558345;3,966282804;-1,081141026;6,705784372;0,267510996;0,723580155;6,438273376
201208;50;0,0062379;0,000756587;0,00111707;-0,000268372;11,4;579;113,34;15,694111;2,79;19,99;15,83;2,933857;0,462;77,696;176,369995;37,400002;89,489998;62,310001;24,805;72,599998;-0,076258928;0,986316891;0,016282033;1,092166418;0;4,456093644;5,651483595;0,289862142;0,1876005;0,90825876;0,472664789;0,611121728;1,083157455;0,622802523;0,952438351;0,711977074;1,94620105;0,74236032;0,16589844;1,20384073
201209;51;0,0062461;0,000336998;0,001030525;-0,000318102;11,38;592,3;113,3825;16,093792;2,79;22,15;18,030001;2,953504;0,464;79,338;178,300003;37,93;91,75;63,209999;25,355;73,800003;0,719109689;2,995833512;-0,543085946;-0,695815516;-3,230443919;4,023252517;6,164981331;-1,969930447;-9,364637835;-0,283930787;2,687017446;-0,867345727;-2,408633274;0,089227558;-4,328090609;0,712066297;-0,845432312;-0,685959718;0,402028931;-0,159472594
201210;52;0,0046099;-0,00130404;0,001411724;0,000126293;11,57;634,6;111,9734783;15,837996;2,59;24,299999;20,780001;2,822528;0,374;78,821;189,679993;37,18;86,800003;63,34;22,950001;75,019997;0,261962136;-0,020535637;-0,88617567;0,05841415;0,665598441;4,559662883;-1,618149098;2,733540264;-8,715017572;0,566017357;1,653285846;0,855892032;0,119914716;1,456324096;5,310352679;-1,77239435;-0,385991822;1,270562503;-0,704545146;-1,656554325
201211;53;0,0090781;0,004123712;0,001992759;0,000428975;11,64;634,3;109,7118182;15,859313;2,63;26,99;20,02;3,005894;0,306;79,855;197,039993;37,919998;87,040001;65,5;25,934999;72,019997;0;-0,599797135;-0,02843856;-0,691357465;11,15231686;5,819305124;2,732312721;8,792360252;9,177037336;0,896738441;2,080711828;-1,956029485;0,579892981;-0,219359232;1,449158191;-2,347770857;6,163662471;-0,068899429;0,96563787;6,2325619
201212;54;0,0092003;0,001625596;0,001739747;-0,000248311;11,64;625,6;109,64;15,608846;3,4;30,860001;21,32;3,680419;0,378;81,521;206,710007;36,25;88,209999;65,169998;26,815001;68,230003;-0,942925623;-0,834061677;1,28352853;1,227976326;11,68810939;-3,945494703;0,647003601;14,18011377;1,800442199;2,436370461;5,806545866;1,170168473;3,352951435;3,30311544;1,970983372;1,081230983;4,266358431;2,780832595;-0,344462134;1,485525836
201301;55;0,0075734;-7,28E-05;0,003034767;0,00123146;11,39;613,7;112,9286957;16,056488;4,45;28,18;21,639999;5,101506;0,394;86,225;236,279999;37,240002;95,290001;70,32;28,059999;69,949997;-0,11453927;-0,455284216;1,335382755;-0,274732667;-4,521563836;-3,764847945;-3,837278275;17,8500402;7,102175873;0,124230079;0,63316555;1,692566422;0,277128472;-0,216698195;-0,99410308;0,512285196;2,092298892;0,317390728;-0,193160649;1,774908164
201302;56;0,0056208;-0,001071506;0,001866727;-0,000882209;11,36;607,3;116,455;15,955236;4,01;25,84;19,809999;7,694826;0,464;86,472;239,75;38,720001;95,900002;69,970001;27,424999;70,779999;0;-1,210983849;-2,777644825;-0,775677933;-6,406827383;1,842736243;-2,342018099;-0,783202619;5,115252245;1,092569331;2,997168517;1,887577633;1,683298848;1,524638719;1,631711234;2,416520466;-0,558289591;2,023485903;-0,930916572;-2,581775494
201303;57;0,0078859;0,002338657;0,001706073;-0,000189956;11,36;590,6;109,24;15,672795;3,46;26,959999;18,77;7,557302;0,522;88,675;256,880005;40,439999;99,690002;72,470001;28,475;74,830002;1,057464894;-0,876492018;-2,606992455;2,704930683;21,14322961;23,72931092;6,038587248;7,101366474;3,514592819;1,241739758;1,596691235;1,983715281;1,054424456;-0,749530468;2,869547697;1,645704069;10,70533629;1,400092045;-0,158352287;9,305244245
201304;58;0,004997;-0,001878474;0,001195708;-0,00058301;11,64;578,8;102,8754545;16,679989;5,63;46,560001;21,57;8,899804;0,566;91,247;266,5;42,330002;102,139999;71,230003;30,42;77,720001;-0,86673359;-3,077863892;0,063910368;-3,94821122;17,94211652;6,750606986;0,020129524;15,25628101;23,84096445;-0,208491904;2,021821925;-2,469686314;-2,435361786;-3,101844509;1,611537218;-1,63990419;9,976981212;-1,002239609;0,793747705;10,97922082
201305;59;0,0060748;0,000893377;0,001258621;-0,000147427;11,41;539,2;103,0269565;15,230482;8,51;54,389999;21,58;12,645711;0,98;90,81;279,200012;39,990002;96,57;66,32;31,57;74,839996;-0,343921757;-2,120943559;0,034991625;-1,045799902;11,10681323;-8,414409723;-2,484728199;3,018805147;-2,274312714;-1,013661879;-3,623585241;0,130124696;1,079296319;-0,3550655;1,600303513;-0,2035793;-0,01560536;-0,228750919;-0,78491096;0,213145559
201306;60;0,007172;0,001358512;0,002212598;0,00076061;11,32;513,5;103,11;14,868106;10,99;44,810001;20,379999;13,555992;0,93;88,715;256,850006;40,110001;99;65,779999;32,755001;74,489998;-1,324408674;-2,354688167;1,897978156;-0,896457145;12,89704816;4,076666459;3,577723594;12,57248156;15,73235096;2,031774513;4,050790783;-0,032493828;-0,405472857;1,422341377;3,672100202;1,966244999;7,993302265;1,778918446;0,252856067;6,214383819
201307;61;0,0066328;0,000175917;0,001575001;-0,000573584;10,98;486,4;107,716087;14,564349;14,79;49,220001;22,129999;18,107401;1,336;92,964;281,959991;40,080002;98,080002;67,970001;35,645;77,940002;-0,039571254;-1,582072355;1,290544907;-2,401113235;-7,27108643;-12,72389338;-1,946573094;-10,94587543;-3,449129844;-1,09374119;-3,467994076;-2,109181047;-1,679252921;-1,640764533;-0,471633572;-2,855653572;-6,456278569;-2,037413287;0,943672097;-4,418865282
201308;62;0,0065614;0,000420669;0,001316328;-0,000366681;10,97;469;110,965;13,780975;12,51;36,720001;21,16;14,073346;1,234;90,652;260,320007;38,18;94,360001;65,449997;35,259998;72,980003;-0,039607343;1,964321527;0,256155909;1,339450525;13,29360692;3,943137795;4,146733127;8,540137172;13,03598374;2,049704917;1,685233441;-0,342594226;0,843227332;2,669959615;3,800921885;0,579301973;7,38317488;1,53934167;0,510363247;5,84383321
201309;63;0,0086419;0,002543102;0,00231178;0,000817655;10,96;490,7;111,6214286;14,21263;16,99;40,209999;23,280001;17,131632;1,666;95,033;270,619995;37,880001;96,209999;69,599998;38,485001;73,959999;-0,11903922;-0,088595396;-0,841623746;1,267750121;13,15344571;9,732026366;3,269072685;6,251295179;2,776796437;1,637230533;4,593238509;1,895606847;0,13970896;1,718934434;2,243154277;1,608148753;6,075064416;2,033131963;-0,39590143;4,041932453
201310;64;0,0065095;-0,000809308;0,002021873;-0,000199135;10,93;489,7;109,4791304;14,633626;23;50,310001;25,1;19,78389;1,776;98,684;300,809998;39,57;96,519997;72,410004;40,525002;76,75;0,11903922;-1,041136032;-0,559939741;-0,621225525;10,27616965;7,519208274;0,737711033;0,186484571;2,839537156;0,577062682;0,279188504;0,675194512;0,380788365;0,417821837;0,219136513;2,346025874;3,489647527;0,719692601;-0,142629919;2,769954926
201311;65;0,0067313;0,000662871;0,002741916;0,000732599;10,96;478,1;108,0766667;14,425793;29,139999;59,82;25,530001;19,869024;1,896;100,004;302,75;40,189999;97,370003;73,110001;40,73;81,010002;0,118713828;-1,412539342;1,015524567;-1,485053521;1,001810659;-3,933572597;0,034005566;-0,76536052;1,530315045;0,802893473;1,924839661;1,19372101;-0,151915648;0,284198948;-1,66837413;-1,261908655;-0,602975895;0,053426864;0,749466609;-0,656402759
201312;66;0,0044743;-0,00172416;0,001372146;-0,001162949;10,99;462,8;110,6336364;13,940847;29,82;54,639999;25,549999;19,521938;1,964;101,87;316,470001;41,310001;97,029999;73,589996;39,195;78,690002;-0,357119448;-1,557188706;-1,219426334;0,330768485;11,80022199;-3,353184054;-1,627925612;3,564653643;4,928119737;-1,690443858;-2,253142999;-3,833368098;-1,299346571;-0,558314873;-4,226890427;-2,271524707;2,607109032;-2,407097946;0,716654088;5,014206978
201401;67;0,0064493;0,001574368;0,001644381;0,000109498;10,9;446,5;107,5704348;14,047429;39,130001;50,580002;24,610001;21,191879;2,2;97,981;300,470001;37,82;94,169998;72,650002;35,560001;74,68;-0,279804132;0,818993343;0,49838688;3,283143864;2,908181686;5,242903037;3,311642299;1,021292894;3,561164164;2,1265066;0,627082882;0,434184977;0,449624056;1,636606065;-0,097815335;0,01162751;3,221387991;0,510218359;1,616288241;2,711169632
201402;68;0,0081763;0,002143249;0,002093991;0,00036032;10,83;455;108,812;15,150546;41,84;57,07;26,559999;21,696136;2,388;102,898;304,839996;38,200001;95,150002;75,440002;35,48;74,699997;-0,565075142;1,913912462;-0,564940513;1,071268859;-11,58991549;8,7385332;2,478727745;-1,155706067;4,880213135;-0,01604136;1,352109875;0,519847541;1,295019646;-0,126835638;1,456408876;0,994327521;0,737186897;0,915146304;-0,931187664;-0,177959407
201403;69;0,0088327;0,0017869;0,002534439;0,000472462;10,69;475,5;107,4057143;15,52891;32,040001;69,790001;28,120001;21,126392;2,672;102,86;314,480011;38,66;98,029999;75,220001;36,689999;76,43;0,404373947;0,859121733;0,189525077;-0,044733612;-7,240281976;-1,455378928;-0,341112852;1,534207304;4,298556217;0,321802357;-1,902655041;2,329186627;1,459327583;1,117143938;-1,664997006;1,82489441;-0,541457308;0,527150085;-0,205347728;-1,068607393
201404;70;0,0080294;0,000598673;0,002438671;5,51E-05;10,79;485;107,8754545;15,512923;27,120001;67,489998;27,9;21,886051;2,95;103,625;301;40,790001;101,379997;77,18;35,310001;79,709999;-0,607981672;-1,124802131;0,718860445;-0,52533109;-2,251246783;-3,839151834;1,378826941;-0,104086384;8,138392777;0,724007147;0,559092023;0,127576353;0,021415145;0,780726129;1,582059824;-1,632128005;0,466233938;0,239790245;0,484216902;0,226443693
201405;71;0,0135427;0,00658304;0,003680174;0,00136651;10,64;472,6;109,6759091;15,326406;25,75;61,779999;28,799999;21,83366;3,558;105,367;304,899994;40,91;101,43;78,580002;36,619999;76,769997;-0,492588814;-1,648232064;0,859684908;1,294276673;8,421174031;6,077729399;2,774591694;8,960637124;-2,512525195;0,68820566;2,044936298;1,512648219;-0,296448759;-0,505874156;2,388039039;-0,972510777;4,169313954;0,695131644;-0,006925984;3,47418231
201406;72;0,0064986;-0,003694205;0,003404087;0,000183872;10,52;455;111,8685714;15,790035;31,26;71,059998;30,700001;26,836935;3,358;107,05;319,600006;42,360001;100,739998;77,669998;38,689999;75,07;-4,888788622;2,521580938;-1,939314329;-1,81075924;-9,774441007;-5,152700387;-1,511369192;-4,755104226;-4,895943708;-0,700984907;-2,069155145;-3,267392182;-2,749448355;-2,014212689;0,168050274;-0,870662057;-4,65005296;-1,800470026;1,099485119;-2,849582934
201407;73;0,0056943;-0,000367638;0,002759789;-0,000258826;9,4;482,2;106,9830435;15,145217;24,959999;63,110001;29,65;24,053699;3;105,336;304,730011;39,290001;94,559998;74,150002;38,84;73,580002;4,306949991;-0,72656564;-2,104538811;1,883982788;15,22491373;4,300995494;-0,293938383;1,726978145;-2,903358803;0,874275373;3,529565496;2,60622703;-0,387516979;1,958262437;0,072618725;1,118715633;3,323262162;1,482978724;-0,608703351;1,840283438
201408;74;0,0061497;0,000559362;0,002170452;-0,000377694;10,38;474,2;101,922381;15,81668;35,439999;69,68;29,450001;25,02947;2,806;107,478;330,529999;41,720001;93,720001;77,57;38,904999;75,5;0,083598579;-0,934998122;-1,999444309;1,140857002;0,402523919;-2,48162644;-1,165762092;-5,234727618;-3,445266949;-1,366864187;-0,291353395;0,967654095;0,502185286;-2,263900866;-1,331860329;0,554414424;-1,797333696;-0,310476798;-1,056387389;-1,486856898
201409;75;0,0076467;0,001789291;0,003773049;0,001655239;10,4;464,1;97,33636364;16,237677;35,77;65,809998;28,67;22,187296;2,592;104,148;328,320007;42,66;94,809998;73,629997;37,73;76,470001;0;-2,079645012;-4,741230523;1,622670814;-4,972825709;-4,817656807;-0,487462972;-2,697034493;-6,57198107;0,247407419;1,659708394;-0,801416774;-0,497550649;-0,177308594;0,057513689;-0,113736656;-2,987381706;0,021201568;0,226205851;-3,008583274
201410;76;0,0106236;0,003888358;0,002494526;-0,000793506;10,4;442,4;87,26956522;16,855848;31,9;58,900002;28,35;20,851343;2,228;104,743;341,109985;41,880001;93,730003;73,330002;37,779999;76,269997;-1,013963135;-2,039976614;-4,633630074;-1,154845427;-11,83631504;-8,169549643;1,208549587;-5,334045061;4,160527934;0,741214127;2,229676849;2,956207486;1,404158022;1,00690171;3,131757274;5,985281793;-3,520946275;2,785663856;-2,044449729;-6,306610131
201411;77;0,0064419;-0,002039003;0,004261205;0,001906756;10,16;422,1;78,438;16,413536;24,290001;48,799999;29,15;18,441387;2,452;106,546;359,079987;44,830002;96,809998;75,050003;40,605;87,540001;1,22225825;1,566196117;-10,09942424;0,182923218;-0,179164637;-3,908497387;-3,472486133;-3,750817746;-0,750342327;-0,72919156;-0,184227461;-2,605051898;-1,418063417;-1,232543557;0,446909607;-0,831452664;-1,979730835;-0,970738232;0,241546672;-1,008992603
201412;78;0,0080253;0,001996542;0,003006177;-0,000638309;10,45;437,6;62,16304348;16,482815;24,190001;44,599998;26,91;16,915522;2,41;104,772;357,559998;42,220001;93,699997;72,949997;41,025002;85,879997;-4,139268516;0,483596171;-10,85360238;1,693605243;-7,421868184;-2,278918021;0,862866684;-2,97471324;3,29563054;-0,740800956;-2,121904275;-1,093739336;-0,587963078;2,069293495;2,807831198;-0,457527851;-1,13723283;0,102665026;-0,843465982;-1,239897856
201501;79;0,0057;-0,0012573;0,002947363;0,000219304;9,5;442,5;48,41681818;17,138288;20,389999;42,32;27,450001;15,795678;2,6;103;340,51001;41,169998;92,440002;76,510002;43,764999;84,980003;-0,97078913;1,816431515;7,791103152;-1,918849929;16,23144323;14,97922506;-0,349472327;13,16388885;3,187436218;2,178321163;3,773541744;2,190704042;2,933635418;0,921078015;2,860823195;-0,539951897;7,548945184;2,023305086;0,155016077;5,525640098
201502;80;0,0048683;-0,000725368;0,002923845;0,000238732;9,29;461,4;57,9305;16,397549;29,629999;59,75;27,23;21,388344;2,798;108,298;371,420013;43,299999;98,900002;78,150002;46,744999;83,93;0;-2,151415308;-1,634030046;1,128461172;5,188476922;0,029065106;-2,376471148;-1,833312382;-0,909714734;-0,660257024;-0,657411724;-2,849703849;-0,645901618;-1,659565861;0,558481017;-0,878131649;0,204417489;-1,022038947;0,361781923;1,226456436
201503;81;0,0066388;0,001532798;0,003249055;0,000581115;9,29;439,1;55,79136364;16,829203;33,389999;59,790001;25,780001;20,504257;2,74;106,664;365,839996;40,549999;97,440002;75,220001;47,349998;82,25;-9,93712756;0,148105571;2,714302486;1,407184907;2,538688051;-0,08725374;1,668979996;1,203788035;3,908106569;0,730778904;-0,226139049;0,01071092;-0,398499259;1,364032033;1,998657496;-2,276298253;1,77324897;0,078743981;0,652034923;1,694504989
201504;82;0,007401;0,0012568;0,001308436;-0,001596974;7,39;440,6;59,38954545;17,383427;35,400002;59,669998;26,790001;21,080549;2,998;108,474;363,940002;40,560001;96,550003;77,620003;49,580002;78,050003;-0,117695054;-0,485693288;3,626313026;-3,204137428;-3,498710616;-7,931226889;1,544673196;-2,499025775;5,464728853;-0,030839233;0,219016126;0,426198033;-0,279784714;-0,100829967;2,036259409;-2,155951772;-1,68728311;0,024151186;-0,054990419;-1,711434296
201505;83;0,0072404;0,000649197;0,001329174;-0,000159188;7,37;435,7;64,56142857;16,147081;32,66;49,709999;27,76;19,901768;3,4;108,397;365,779999;40,959999;95,93;77,440002;51,959999;74,269997;-0,414462774;-0,199813779;-1,516516965;-0,897869572;-5,765014727;-2,453074196;-2,429015404;-2,925946387;-0,79925847;-1,151788127;-2,416894624;-1,874162924;-0,391095056;-3,066880691;1,36576675;-1,998344652;-2,545029793;-1,3969352;0,245147073;-1,148094593
201506;84;0,0069625;0,000465521;0,001915399;0,000411894;7,3;433,7;62,34590909;15,81668;28,6;46,98;26,25;18,605108;3,338;105,56;345,980011;39,23;95,07;72,160004;53,619999;70,93;-3,854639764;-0,777982305;-4,76630889;-1,081532528;-2,726000863;-2,550929602;3,065753924;-2,16252173;3,761505131;0,738761638;-1,229830476;2,001214794;2,134807216;2,02252354;3,357672695;0,638190057;-0,282287611;1,487429638;-0,748668;-1,769717249
201507;85;0,0059719;-0,00036209;0,001227659;-0,00070391;6,68;426;55,86565217;15,427658;26,860001;44,299999;28,17;17,701374;3,64;107,371;336,320007;41,080002;99,860001;75,599998;57,93;71,980003;-0,130223331;-2,985400812;-7,509982012;-0,986214527;-15,68002033;3,338745456;-1,569720857;-4,695521419;-0,649109842;-2,972464558;-4,607039563;-1,901694691;-2,15765537;-1,134902104;-2,483682166;-4,610623327;-3,373640253;-2,81593287;-0,156531688;-0,557707383
201508;86;0,0096022;0,003849083;0,001448498;1,91E-05;6,66;397,7;46,99428571;15,081268;18,719999;47,84;27,17;15,887361;3,586;100,268;302,470001;39,32;95,019997;73,650002;54,709999;64,730003;-1,122953237;1,618409763;0,221468746;-1,26116759;-5,167477562;-4,885505192;-0,937130109;-8,299308714;-1,679119015;-1,578977545;-0,723913285;0,874740436;1,575346601;0,927601236;1,658736242;0,073735224;-3,704951364;0,731041076;-2,310018621;-4,43599244
201509;87;0,0072853;-0,000596711;0,002150699;0,000560062;6,49;412,8;47,23454545;14,649614;16,620001;42,75;26,59;13,123772;3,45;96,688;297,470001;40,119999;98,529999;75,239998;56,84;64,839996;-3,33702248;0,522874703;0,810279815;-1,789995503;11,84226901;12,54717535;3,043118385;12,68847911;5,213050625;3,215324026;7,306247449;2,349248063;5,661787129;0,56201748;4,171208572;-5,414333912;7,257349496;2,439362464;0,775961562;4,817987032
201510;88;0,0063949;-0,000128428;0,001326405;-0,000776981;6,01;417,8;48,12409091;14,058087;21,83;57,07;28,52;17,576948;3,89;104,118;351,970001;42,349998;112,25;76,220001;62,57;57,240002;-1,023637076;-1,158749139;-3,481191949;-2,160107049;2,324022111;-0,428258062;-0,799148984;-4,929569634;4,553414549;-0,266939712;1,426153421;0,276004103;0,732762565;-1,318949215;-0,826852867;1,197302379;-0,239941178;0,247736731;-0,514676443;-0,487677909
201511;89;0,0114304;0,005429195;0,002316127;0,000814644;5,87;406,8;44,41714286;13,375966;23,030001;56,509998;28;15,690897;4,32;103,48;363,720001;42,619999;114,160004;73,940002;61,389999;58,84;-0,446196886;-2,010172301;-7,095891173;1,82959029;9,950458571;6,735282327;0,493521768;9,777918214;3,605933845;-0,782167478;-2,862457292;0,345082739;1,488298752;0,281019603;-0,972929018;1,778780338;5,398784169;0,00963252;-0,791799998;5,389151649
201512;90;0,0107866;0,001832593;0,002411023;0,00018684;5,81;388,4;37,72173913;13,951505;28,959999;65,989998;28,32;19,652914;4,694;101,633;340,519989;42,959999;118,139999;74,419998;60,029999;61,299999;-5,745835005;1,005791176;-8,799399184;0,576762477;-15,70926443;1,722570919;-0,230640203;-7,174888061;-3,265466056;-2,64360481;-3,48534907;-0,040456953;2,0253512;-0,398653252;0,532090023;3,444591646;-4,013487559;0,346262266;-2,989867076;-4,359749825
201601;91;0,0063695;-0,002207023;0,001372983;-0,000920493;5,09;397,5;30,80333333;14,138023;20,17;68,660004;28,17;16,660118;4,354;95,631;314,26001;42,919998;123,779999;73,739998;60,77;66,360001;-2,638226892;1,860630184;3,251545104;-0,560173962;5,26571324;1,984383859;-4,069947754;-3,223722743;1,586550855;-0,301683214;-0,319022085;0,211977516;-2,375991318;-2,347453397;-1,869164452;-0,01309429;0,163800583;-1,118791338;0,817108124;1,282591921
201602;92;0,0050063;-0,00098004;0,001128837;-0,000406657;4,79;414,9;33,19809524;13,956835;22,77;71,870003;25,65;15,468238;4,516;94,969;311,959991;43,130001;117,190002;69,860001;58,209999;66,339996;-6,861220541;3,930369505;7,07495761;5,826131698;-7,225597852;-2,104732877;1,856100174;-2,419672734;2,120761639;2,829759069;3,810749913;3,164489494;3,037561036;2,856845829;1,097674658;1,385171253;-0,324501659;2,558748697;0,271010372;-2,883250356
201603;93;0,0055436;0,000356786;0,001126337;-0,000230882;4,09;454,2;39,07173913;15,960565;19,280001;68,470001;26,77;14,629993;4,742;101,363;340,570007;46,389999;125,68;74,610001;59,700001;68,489998;-0,749725492;-0,451743381;3,393949581;-1,399883835;-3,201146624;-8,85549246;2,719648882;-4,502368874;0,073205998;0,604183389;1,964597373;-1,514635885;0,279001368;-0,023290272;-2,600625489;-1,039581084;-2,527672819;-0,489088998;1,093272387;-2,038583821
201604;94;0,0084479;0,002945956;0,001319279;-3,61E-05;4,02;449,5;42,24761905;15,454303;17,91;55,84;28,5;13,18926;4,75;102,783;356,329987;44,799999;126,489998;74,57;56,23;66,870003;-0,32531574;1,927574895;4,75203319;-0,195121656;1,828128605;-5,102613929;-2,203585498;-6,027755794;-0,589132536;0,109298997;0,907001442;-0,194316507;-1,54828272;-0,391969294;-1,047486064;2,467920948;-2,048346801;0,032144634;0,077154363;-2,080491435
201605;95;0,0062216;-0,000983474;0,00140661;-8,97E-05;3,99;469,9;47,13272727;15,385025;18,68;49,650002;27,09;11,480026;4,686;103,042;363,850006;44,599998;122,059998;73,900002;54,889999;70,779999;0,540846942;-2,315773665;1,222375286;1,362373473;-9,182508073;-1,035665917;0,016028584;-5,373050578;-1,317285287;-0,616331924;-2,622377313;0,705089898;-0,616336578;1,959121189;1,72949683;1,353125861;-2,5883513;0,418019981;-1,034351905;-3,006371281
201606;96;0,0057679;-0,000131627;0,001186865;-0,000373184;4,04;445,5;48,47818182;15,8753;15,12;48,48;27,1;10,144073;4,546;101,59;342,529999;45,330002;120,339996;77,309998;57,119999;73,019997;2,708709047;4,566974544;-3,164958809;1,785118916;-2,726344678;-1,643176378;0,43055224;-2,629386054;1,019694756;1,729387005;2,907902007;-1,660051528;-0,981805383;1,610114641;0,701402543;-0,029745857;-0,627256866;0,424636071;1,304750934;-1,051892937
201607;97;0,0048074;-0,00082608;0,00112297;-0,000276621;4,3;494,9;45,07095238;16,541433;14,2;46,68;27,370001;9,548134;4,654;105,717;366,25;43,630001;117,650002;80,230003;58,049999;72,970001;-0,507952553;0;1,022177726;-1,393274037;-4,203542703;-9,140932286;-1,698892834;-16,54982253;7,442729096;-0,015202577;0,770991736;-0,199539358;-0,740873591;-0,396967979;-1,383413308;-0,920289417;-4,257289216;-0,478348653;0,463146076;-3,778940563
201608;98;0,0064359;0,001365641;0,000895388;-0,000457546;4,25;494,9;46,14434783;16,019184;12,89;37,82;26,32;6,522593;5,524;105,68;372,809998;43,43;115,660004;79,5;56,23;71,440002;-3,069374412;-0,61866357;0,041662827;0,999738428;2,773381537;1,876563122;1,348394898;-4,789448644;-0,363164199;0,06118878;-1,22274754;-1,124417034;-0,112795185;-0,26301198;-1,64498401;0,411427808;0,307577524;-0,659421324;0,720610104;0,966998848
201609;99;0,0063736;0,000348322;0,001524602;0,000337849;3,96;487,9;46,18863636;16,39222;13,74;39,490002;27,15;5,841519;5,478;105,829;362,459991;42,32;115,360001;79,019997;54,139999;72,120003;0,544918669;-1,938608365;3,210411105;-0,311728387;2,158046051;1,086064249;0,111827099;-9,062625121;-1,271039562;-1,080717926;-2,620015477;0,082021805;-1,063258505;-3,650137827;-0,866915578;-1,283364829;-1,214909279;-1,566945069;0,486227143;0,35203579
201610;100;0,0054205;-0,000568166;0,001398554;-0,000247654;4,01;466,6;49,73238095;16,274981;14,44;40,490002;27,219999;4,741323;5,32;103,228;341,23999;42,400002;112,57;72,650002;53,07;70,019997;5,391148024;0,508926597;-2,97852994;-2,142401921;-9,773788594;-12,56186013;-5,63085288;-2,979188435;-8,443752179;0,523565079;3,606810293;-2,152235955;2,510854224;-3,322054701;3,835422023;0,253560057;-6,921974023;0,78872599;-0,265160911;-7,710700013
201611;101;0,0057872;0,000357378;0,00206072;0,000506553;4,54;472,1;46,43590909;15,491607;11,53;30,32;23,91;4,426981;4,38;104,48;370,790009;40,349998;119,269997;67,300003;57,970001;70,43;5,559384877;-4,360612541;6,607320878;0,931140599;2,3817981;2,464052014;4,021871447;-0,974525382;-0,358429392;0,911497423;1,127230062;1,178576975;0,883073892;2,774627665;-1,875385042;-0,815394007;1,410984564;0,545454924;0,366042499;0,86552964
201612;102;0,0052687;-0,000376107;0,001754199;-0,000283484;5,16;427;54,06636364;15,827338;12,18;32,09;26,23;4,328749;4,344;106,696;380,540009;41,459999;121,720001;71,739998;55,52;69,120003;8,518128475;-0,101827592;0,658764758;0,753802035;-1,709039322;-1,235432841;-1,533458925;0,196668334;2,825361071;0,878401876;-0,755193406;0,115073722;0,302223884;0,886837024;-0,235304728;-1,521755902;-0,117016608;-0,201353234;1,07975511;0,084336626
201701;103;0,0052696;-7,12E-05;0,001937404;0,000123543;6,27813986;426;54,89272727;16,10445;11,71;31,190001;25,32;4,348396;4,636;108,876;373,980011;41,57;122,57;73,220001;55,220001;66,739998;-1,247991346;1,571780016;0,472730818;-1,595398526;9,935091493;6,457318243;2,0764353;12,0336004;2,652727186;1,013622544;1,537847399;0,405544467;1,763663985;0,277883783;1,278681045;2,644377054;5,259962349;1,317999622;-0,304377078;3,941962727
201702;104;0,0047083;-0,000633008;0,001276396;-0,000671241;6,10029831;441,7;55,4935;15,523581;14,72;36,189999;26,559999;5,736739;4,928;111,447;387,459991;41,959999;127,650002;73,690002;56,869999;70,93;-9,118298975;1,19284536;-2,850393353;0,885441904;-7,906324727;-12,56192802;3,213797878;-15,71742903;4,292820054;0,335391179;-0,445016008;0,493989582;0,661768802;1,851778279;1,14552472;0,698483017;-4,632270324;0,734421399;-0,39903022;-5,366691723
201703;105;0,0052977;0,000285584;0,001474105;0,000009138;4,94502035;454;51,96826087;15,843325;12,27;27,1;28,6;3,994761;5,44;112,311;383,51001;42,439999;129,610001;76,900002;58,389999;72,080002;0,784237272;0,380962515;0,90577088;1,067756702;3,500707824;3,758817965;0,196959286;5,602961289;2,270728203;0,550620273;0,11987062;0,720545518;3,327229844;0,056437408;1,224686728;1,828753136;2,732988545;1,212920542;-0,662300269;1,520068003
201704;106;0,0049661;-0,000391613;0,001359344;-0,00024999;5,03512731;458;53,0635;16,237677;13,3;29,549999;28,73;4,544859;5,732;113,744;384,570007;43,150002;139,929993;77;60,060001;75,18;0,280287621;-0,447975895;-1,832673071;1,264205614;-1,630251122;11,50160255;4,61352501;5,461532079;1,225129313;0,710822436;2,700265522;2,274414358;3,274964325;4,374494799;2,494006731;1,932021361;3,739290574;2,841694516;-2,13087208;0,897596058
201705;107;0,0055027;0,00033937;0,001246541;-0,000278995;5,06772841;453,3;50,87086957;16,717293;12,81;38,509998;31,950001;5,153897;5,896;115,621;409,23999;45,470001;150,889999;85,160004;63,610001;78,599998;-0,721560577;1,3302989;-3,534683079;0,782036765;9,439393366;1,518166446;-0,300080399;7,437207332;1,860001706;0,099050386;1,375612973;-0,596253574;0,648491336;1,028079683;-3,778235353;-1,644141159;3,456120869;-0,494407682;0,593458068;3,950528551
201706;108;0,0067193;0,001241347;0,002044147;0,00060098;4,984226;467,4;46,89454545;17,021049;15,92;39,880001;31,73;6,116568;6,154;115,885;422,410004;44,849998;153,160004;87,199997;58,310001;75,68;;;;;;;;;;;;;;;;;;;;